Customer ID, Customer Name, Email, Country, Coffee Type
17670-51384-MA, Aloisia Allner, aallner0@lulu.com, United States, Rob
17670-51384-MA, Aloisia Allner, aallner0@lulu.com, United States, Exc
21125-22134-PX, Jami Redholes, jredholes2@tmall.com, United States, Ara
23806-46781-OU, Christoffer O' Shea, not available, Ireland, Exc
23806-46781-OU, Christoffer O' Shea, not available, Ireland, Rob
86561-91660-RB, Beryle Cottier, not available, United States, Lib
65223-29612-CB, Shaylynn Lobe, slobe6@nifty.com, United States, Exc
21134-81676-FR, Melvin Wharfe, not available, Ireland, Lib
03396-68805-ZC, Guthrey Petracci, gpetracci8@livejournal.com, United States, Rob
61021-27840-ZN, Rodger Raven, rraven9@ed.gov, United States, Rob
76239-90137-UQ, Ferrell Ferber, fferbera@businesswire.com, United States, Ara
49315-21985-BB, Duky Phizackerly, dphizackerlyb@utexas.edu, United States, Exc
34136-36674-OM, Rosaleen Scholar, rscholarc@nyu.edu, United States, Rob
39396-12890-PE, Terence Vanyutin, tvanyutind@wix.com, United States, Rob
95875-73336-RG, Patrice Trobe, ptrobee@wunderground.com, United States, Lib
25473-43727-BY, Llywellyn Oscroft, loscroftf@ebay.co.uk, United States, Rob
99643-51048-IQ, Minni Alabaster, malabasterg@hexun.com, United States, Ara
62173-15287-CU, Rhianon Broxup, rbroxuph@jimdo.com, United States, Ara
57611-05522-ST, Pall Redford, predfordi@ow.ly, Ireland, Rob
76664-37050-DT, Aurea Corradino, acorradinoj@harvard.edu, United States, Ara
76664-37050-DT, Aurea Corradino, acorradinoj@harvard.edu, United States, Exc
03090-88267-BQ, Avrit Davidowsky, adavidowskyl@netvibes.com, United States, Ara
37651-47492-NC, Annabel Antuk, aantukm@kickstarter.com, United States, Rob
95399-57205-HI, Iorgo Kleinert, ikleinertn@timesonline.co.uk, United States, Ara
24010-66714-HW, Chrisy Blofeld, cblofeldo@amazon.co.uk, United States, Ara
07591-92789-UA, Culley Farris, not available, United States, Exc
49231-44455-IC, Selene Shales, sshalesq@umich.edu, United States, Ara
50124-88608-EO, Vivie Danneil, vdanneilr@mtv.com, Ireland, Ara
00888-74814-UZ, Theresita Newbury, tnewburys@usda.gov, Ireland, Ara
14158-30713-OB, Mozelle Calcutt, mcalcuttt@baidu.com, Ireland, Ara
51427-89175-QJ, Adrian Swaine, not available, United States, Lib
51427-89175-QJ, Adrian Swaine, not available, United States, Ara
51427-89175-QJ, Adrian Swaine, not available, United States, Lib
39123-12846-YJ, Gallard Gatheral, ggatheralx@123-reg.co.uk, United States, Lib
44981-99666-XB, Una Welberry, uwelberryy@ebay.co.uk, United Kingdom, Lib
24825-51803-CQ, Faber Eilhart, feilhartz@who.int, United States, Ara
77634-13918-GJ, Zorina Ponting, zponting10@altervista.org, United States, Lib
13694-25001-LX, Silvio Strase, sstrase11@booking.com, United States, Lib
08523-01791-TI, Dorie de la Tremoille, dde12@unesco.org, United States, Rob
49860-68865-AB, Hy Zanetto, not available, United States, Rob
21240-83132-SP, Jessica McNess, not available, United States, Lib
08350-81623-TF, Lorenzo Yeoland, lyeoland15@pbs.org, United States, Exc
73284-01385-SJ, Abigail Tolworthy, atolworthy16@toplist.cz, United States, Rob
04152-34436-IE, Maurie Bartol, not available, United States, Lib
06631-86965-XP, Olag Baudassi, obaudassi18@seesaa.net, United States, Exc
54619-08558-ZU, Petey Kingsbury, pkingsbury19@comcast.net, United States, Lib
85589-17020-CX, Donna Baskeyfied, not available, United States, Exc
36078-91009-WU, Arda Curley, acurley1b@hao123.com, United States, Ara
15770-27099-GX, Raynor McGilvary, rmcgilvary1c@tamu.edu, United States, Ara
91460-04823-BX, Isis Pikett, ipikett1d@xinhuanet.com, United States, Ara
45089-52817-WN, Inger Bouldon, ibouldon1e@gizmodo.com, United States, Lib
76447-50326-IC, Karry Flanders, kflanders1f@over-blog.com, Ireland, Lib
26333-67911-OL, Hartley Mattioli, hmattioli1g@webmd.com, United Kingdom, Rob
26333-67911-OL, Hartley Mattioli, hmattioli1g@webmd.com, United Kingdom, Lib
22107-86640-SB, Archambault Gillard, agillard1i@issuu.com, United States, Lib
09960-34242-LZ, Salomo Cushworth, not available, United States, Lib
04671-85591-RT, Theda Grizard, tgrizard1k@odnoklassniki.ru, United States, Exc
25729-68859-UA, Rozele Relton, rrelton1l@stanford.edu, United States, Exc
05501-86351-NX, Willa Rolling, not available, United States, Lib
04521-04300-OK, Stanislaus Gilroy, sgilroy1n@eepurl.com, United States, Lib
58689-55264-VK, Correy Cottingham, ccottingham1o@wikipedia.org, United States, Ara
79436-73011-MM, Pammi Endacott, not available, United Kingdom, Rob
65552-60476-KY, Nona Linklater, not available, United States, Lib
69904-02729-YS, Annadiane Dykes, adykes1r@eventbrite.com, United States, Ara
01433-04270-AX, Felecia Dodgson, not available, United States, Rob
14204-14186-LA, Angelia Cockrem, acockrem1t@engadget.com, United States, Rob
32948-34398-HC, Belvia Umpleby, bumpleby1u@soundcloud.com, United States, Rob
77343-52608-FF, Nat Saleway, nsaleway1v@dedecms.com, United States, Lib
42770-36274-QA, Hayward Goulter, hgoulter1w@abc.net.au, United States, Rob
14103-58987-ZU, Gay Rizzello, grizzello1x@symantec.com, United Kingdom, Rob
69958-32065-SW, Shannon List, slist1y@mapquest.com, United States, Exc
69533-84907-FA, Shirlene Edmondson, sedmondson1z@theguardian.com, Ireland, Lib
76005-95461-CI, Aurlie McCarl, not available, United States, Ara
15395-90855-VB, Alikee Carryer, not available, United States, Lib
80640-45811-LB, Jennifer Rangall, jrangall22@newsvine.com, United States, Exc
28476-04082-GR, Kipper Boorn, kboorn23@ezinearticles.com, Ireland, Rob
12018-75670-EU, Melania Beadle, not available, Ireland, Rob
86437-17399-FK, Colene Elgey, celgey25@webs.com, United States, Exc
62979-53167-ML, Lothaire Mizzi, lmizzi26@rakuten.co.jp, United States, Ara
54810-81899-HL, Cletis Giacomazzo, cgiacomazzo27@jigsy.com, United States, Rob
26103-41504-IB, Ami Arnow, aarnow28@arizona.edu, United States, Ara
76534-45229-SG, Sheppard Yann, syann29@senate.gov, United States, Lib
81744-27332-RR, Bunny Naulls, bnaulls2a@tiny.cc, Ireland, Lib
91513-75657-PH, Hally Lorait, not available, United States, Rob
30373-66619-CB, Zaccaria Sherewood, zsherewood2c@apache.org, United States, Lib
31582-23562-FM, Jeffrey Dufaire, jdufaire2d@fc2.com, United States, Ara
31582-23562-FM, Jeffrey Dufaire, jdufaire2d@fc2.com, United States, Ara
81431-12577-VD, Beitris Keaveney, bkeaveney2f@netlog.com, United States, Ara
68894-91205-MP, Elna Grise, egrise2g@cargocollective.com, United States, Rob
87602-55754-VN, Torie Gottelier, tgottelier2h@vistaprint.com, United States, Ara
39181-35745-WH, Loydie Langlais, not available, Ireland, Ara
30381-64762-NG, Adham Greenhead, agreenhead2j@dailymail.co.uk, United States, Ara
17503-27693-ZH, Hamish MacSherry, not available, United States, Exc
89442-35633-HJ, Else Langcaster, elangcaster2l@spotify.com, United Kingdom, Exc
13654-85265-IL, Rudy Farquharson, not available, Ireland, Ara
40946-22090-FP, Norene Magauran, nmagauran2n@51.la, United States, Ara
29050-93691-TS, Vicki Kirdsch, vkirdsch2o@google.fr, United States, Ara
64395-74865-WF, Ilysa Whapple, iwhapple2p@com.com, United States, Ara
81861-66046-SU, Ruy Cancellieri, not available, Ireland, Ara
13366-78506-KP, Aube Follett, not available, United States, Lib
08847-29858-HN, Rudiger Di Bartolomeo, not available, United States, Ara
00539-42510-RY, Nickey Youles, nyoules2t@reference.com, Ireland, Lib
45190-08727-NV, Dyanna Aizikovitz, daizikovitz2u@answers.com, Ireland, Lib
87049-37901-FU, Bram Revel, brevel2v@fastcompany.com, United States, Rob
34015-31593-JC, Emiline Priddis, epriddis2w@nationalgeographic.com, United States, Lib
90305-50099-SV, Queenie Veel, qveel2x@jugem.jp, United States, Ara
55871-61935-MF, Lind Conyers, lconyers2y@twitter.com, United States, Exc
15405-60469-TM, Pen Wye, pwye2z@dagondesign.com, United States, Rob
06953-94794-FB, Isahella Hagland, not available, United States, Ara
22305-40299-CY, Terry Sheryn, tsheryn31@mtv.com, United States, Lib
09020-56774-GU, Marie-jeanne Redgrave, mredgrave32@cargocollective.com, United States, Exc
92926-08470-YS, Betty Fominov, bfominov33@yale.edu, United States, Rob
07250-63194-JO, Shawnee Critchlow, scritchlow34@un.org, United States, Ara
63787-96257-TQ, Merrel Steptow, msteptow35@earthlink.net, Ireland, Lib
49530-25460-RW, Carmina Hubbuck, not available, United States, Rob
66508-21373-OQ, Ingeberg Mulliner, imulliner37@pinterest.com, United Kingdom, Lib
20203-03950-FY, Geneva Standley, gstandley38@dion.ne.jp, Ireland, Lib
83895-90735-XH, Brook Drage, bdrage39@youku.com, United States, Lib
61954-61462-RJ, Muffin Yallop, myallop3a@fema.gov, United States, Exc
47939-53158-LS, Cordi Switsur, cswitsur3b@chronoengine.com, United States, Exc
47939-53158-LS, Cordi Switsur, cswitsur3b@chronoengine.com, United States, Ara
47939-53158-LS, Cordi Switsur, cswitsur3b@chronoengine.com, United States, Exc
61513-27752-FA, Mahala Ludwell, mludwell3e@blogger.com, United States, Ara
89714-19856-WX, Doll Beauchamp, dbeauchamp3f@usda.gov, United States, Lib
87979-56781-YV, Stanford Rodliff, srodliff3g@ted.com, United States, Lib
74126-88836-KA, Stevana Woodham, swoodham3h@businesswire.com, Ireland, Lib
37397-05992-VO, Hewet Synnot, hsynnot3i@about.com, United States, Ara
54904-18397-UD, Raleigh Lepere, rlepere3j@shop-pro.jp, Ireland, Lib
19017-95853-EK, Timofei Woofinden, twoofinden3k@businesswire.com, United States, Ara
88593-59934-VU, Evelina Dacca, edacca3l@google.pl, United States, Exc
47493-68564-YM, Bidget Tremellier, not available, Ireland, Ara
82246-82543-DW, Bobinette Hindsberg, bhindsberg3n@blogs.com, United States, Exc
03384-62101-IY, Osbert Robins, orobins3o@salon.com, United States, Ara
86881-41559-OR, Othello Syseland, osyseland3p@independent.co.uk, United States, Lib
02536-18494-AQ, Ewell Hanby, not available, United States, Exc
58638-01029-CB, Blancha McAmish, bmcamish2e@tripadvisor.com, United States, Ara
90312-11148-LA, Lowell Keenleyside, lkeenleyside3s@topsy.com, United States, Ara
68239-74809-TF, Elonore Joliffe, not available, Ireland, Exc
91074-60023-IP, Abraham Coleman, not available, United States, Exc
07972-83748-JI, Rivy Farington, not available, United States, Lib
08694-57330-XR, Vallie Kundt, vkundt3w@bigcartel.com, Ireland, Lib
68412-11126-YJ, Boyd Bett, bbett3x@google.de, United States, Ara
69037-66822-DW, Julio Armytage, not available, Ireland, Exc
01297-94364-XH, Deana Staite, dstaite3z@scientificamerican.com, United States, Lib
39919-06540-ZI, Winn Keyse, wkeyse40@apple.com, United States, Exc
60512-78550-WS, Osmund Clausen-Thue, oclausenthue41@marriott.com, United States, Lib
40172-12000-AU, Leonore Francisco, lfrancisco42@fema.gov, United States, Lib
40172-12000-AU, Leonore Francisco, lfrancisco42@fema.gov, United States, Exc
39019-13649-CL, Giacobo Skingle, gskingle44@clickbank.net, United States, Exc
12715-05198-QU, Gerard Pirdy, not available, United States, Ara
04513-76520-QO, Jacinthe Balsillie, jbalsillie46@princeton.edu, United States, Lib
88446-59251-SQ, Quinton Fouracres, not available, United States, Ara
23779-10274-KN, Bettina Leffek, bleffek48@ning.com, United States, Rob
57235-92842-DK, Hetti Penson, not available, United States, Rob
75977-30364-AY, Jocko Pray, jpray4a@youtube.com, United States, Ara
12299-30914-NG, Grete Holborn, gholborn4b@ow.ly, United States, Ara
59971-35626-YJ, Fielding Keinrat, fkeinrat4c@dailymail.co.uk, United States, Ara
15380-76513-PS, Paulo Yea, pyea4d@aol.com, Ireland, Rob
73564-98204-EY, Say Risborough, not available, United States, Rob
72282-40594-RX, Alexa Sizey, not available, United States, Lib
17514-94165-RJ, Kari Swede, kswede4g@addthis.com, United States, Exc
56248-75861-JX, Leontine Rubrow, lrubrow4h@microsoft.com, United States, Ara
97855-54761-IS, Dottie Tift, dtift4i@netvibes.com, United States, Exc
96544-91644-IT, Gerardo Schonfeld, gschonfeld4j@oracle.com, United States, Rob
51971-70393-QM, Claiborne Feye, cfeye4k@google.co.jp, Ireland, Exc
06812-11924-IK, Mina Elstone, not available, United States, Rob
59741-90220-OW, Sherman Mewrcik, not available, United States, Rob
62682-27930-PD, Tamarah Fero, tfero4n@comsenz.com, United States, Exc
00256-19905-YG, Stanislaus Valsler, not available, Ireland, Ara
38890-22576-UI, Felita Dauney, fdauney4p@sphinn.com, Ireland, Rob
94573-61802-PH, Serena Earley, searley4q@youku.com, United Kingdom, Exc
86447-02699-UT, Minny Chamberlayne, mchamberlayne4r@bigcartel.com, United States, Exc
51432-27169-KN, Bartholemy Flaherty, bflaherty4s@moonfruit.com, Ireland, Exc
43074-00987-PB, Oran Colbeck, ocolbeck4t@sina.com.cn, United States, Rob
04739-85772-QT, Elysee Sketch, not available, United States, Exc
28279-78469-YW, Ethelda Hobbing, ehobbing4v@nsw.gov.au, United States, Exc
91829-99544-DS, Odille Thynne, othynne4w@auda.org.au, United States, Exc
38978-59582-JP, Emlynne Heining, eheining4x@flickr.com, United States, Rob
86504-96610-BH, Katerina Melloi, kmelloi4y@imdb.com, United States, Ara
75986-98864-EZ, Tiffany Scardafield, not available, Ireland, Ara
66776-88682-RG, Abrahan Mussen, amussen50@51.la, United States, Exc
66776-88682-RG, Abrahan Mussen, amussen50@51.la, United States, Ara
85851-78384-DM, Anny Mundford, amundford52@nbcnews.com, United States, Rob
55232-81621-BX, Tory Walas, twalas53@google.ca, United States, Exc
80310-92912-JA, Isa Blazewicz, iblazewicz54@thetimes.co.uk, United States, Ara
19821-05175-WZ, Angie Rizzetti, arizzetti55@naver.com, United States, Exc
01338-83217-GV, Mord Meriet, mmeriet56@noaa.gov, United States, Rob
66044-25298-TA, Lawrence Pratt, lpratt57@netvibes.com, United States, Lib
28728-47861-TZ, Astrix Kitchingham, akitchingham58@com.com, United States, Exc
32638-38620-AX, Burnard Bartholin, bbartholin59@xinhuanet.com, United States, Lib
83163-65741-IH, Madelene Prinn, mprinn5a@usa.gov, United States, Lib
89422-58281-FD, Alisun Baudino, abaudino5b@netvibes.com, United States, Lib
76293-30918-DQ, Philipa Petrushanko, ppetrushanko5c@blinklist.com, Ireland, Exc
86779-84838-EJ, Kimberli Mustchin, not available, United States, Exc
66806-41795-MX, Emlynne Laird, elaird5e@bing.com, United States, Exc
64875-71224-UI, Marlena Howsden, mhowsden5f@infoseek.co.jp, United States, Ara
16982-35708-BZ, Nealson Cuttler, ncuttler5g@parallels.com, United States, Exc
16982-35708-BZ, Nealson Cuttler, ncuttler5g@parallels.com, United States, Lib
16982-35708-BZ, Nealson Cuttler, ncuttler5g@parallels.com, United States, Lib
16982-35708-BZ, Nealson Cuttler, ncuttler5g@parallels.com, United States, Lib
16982-35708-BZ, Nealson Cuttler, ncuttler5g@parallels.com, United States, Exc
66708-26678-QK, Adriana Lazarus, not available, United States, Lib
08743-09057-OO, Tallie felip, tfelip5m@typepad.com, United States, Lib
37490-01572-JW, Vanna Le - Count, vle5n@disqus.com, United States, Lib
01811-60350-CU, Sarette Ducarel, not available, United States, Exc
24766-58139-GT, Kendra Glison, not available, United States, Rob
90123-70970-NY, Nertie Poolman, npoolman5q@howstuffworks.com, United States, Ara
93809-05424-MG, Orbadiah Duny, oduny5r@constantcontact.com, United States, Ara
85425-33494-HQ, Constance Halfhide, chalfhide5s@google.ru, Ireland, Exc
54387-64897-XC, Fransisco Malecky, fmalecky5t@list-manage.com, United Kingdom, Ara
01035-70465-UO, Anselma Attwater, aattwater5u@wikia.com, United States, Lib
84260-39432-ML, Minette Whellans, mwhellans5v@mapquest.com, United States, Exc
69779-40609-RS, Dael Camilletti, dcamilletti5w@businesswire.com, United States, Exc
80247-70000-HT, Emiline Galgey, egalgey5x@wufoo.com, United States, Rob
35058-04550-VC, Murdock Hame, mhame5y@newsvine.com, Ireland, Lib
27226-53717-SY, Ilka Gurnee, igurnee5z@usnews.com, United States, Lib
02002-98725-CH, Alfy Snowding, asnowding60@comsenz.com, United States, Lib
38487-01549-MV, Godfry Poinsett, gpoinsett61@berkeley.edu, United States, Exc
98573-41811-EQ, Rem Furman, rfurman62@t.co, Ireland, Ara
72463-75685-MV, Charis Crosier, ccrosier63@xrea.com, United States, Rob
72463-75685-MV, Charis Crosier, ccrosier63@xrea.com, United States, Rob
10225-91535-AI, Lenka Rushmer, lrushmer65@europa.eu, United States, Ara
48090-06534-HI, Waneta Edinborough, wedinborough66@github.io, United States, Lib
80444-58185-FX, Bobbe Piggott, not available, United States, Exc
13561-92774-WP, Ketty Bromehead, kbromehead68@un.org, United States, Lib
11550-78378-GE, Elsbeth Westerman, ewesterman69@si.edu, Ireland, Rob
90961-35603-RP, Anabelle Hutchens, ahutchens6a@amazonaws.com, United States, Ara
57145-03803-ZL, Noak Wyvill, nwyvill6b@naver.com, United Kingdom, Rob
89115-11966-VF, Beltran Mathon, bmathon6c@barnesandnoble.com, United States, Rob
05754-41702-FG, Kristos Streight, kstreight6d@about.com, United States, Lib
84269-49816-ML, Portie Cutchie, pcutchie6e@globo.com, United States, Ara
23600-98432-ME, Sinclare Edsell, not available, United States, Lib
79058-02767-CP, Conny Gheraldi, cgheraldi6g@opera.com, United Kingdom, Lib
89208-74646-UK, Beryle Kenwell, bkenwell6h@over-blog.com, United States, Exc
11408-81032-UR, Tomas Sutty, tsutty6i@google.es, United States, Lib
32070-55528-UG, Samuele Ales0, not available, Ireland, Lib
48873-84433-PN, Carlie Harce, charce6k@cafepress.com, Ireland, Lib
32928-18158-OW, Craggy Bril, not available, United States, Rob
89711-56688-GG, Friederike Drysdale, fdrysdale6m@symantec.com, United States, Rob
48389-71976-JB, Devon Magowan, dmagowan6n@fc2.com, United States, Exc
84033-80762-EQ, Codi Littrell, not available, United States, Ara
12743-00952-KO, Christel Speak, not available, United States, Rob
41505-42181-EF, Sibella Rushbrooke, srushbrooke6q@youku.com, United States, Exc
14307-87663-KB, Tammie Drynan, tdrynan6r@deviantart.com, United States, Exc
08360-19442-GB, Effie Yurkov, eyurkov6s@hud.gov, United States, Lib
93405-51204-UW, Lexie Mallan, lmallan6t@state.gov, United States, Lib
97152-03355-IW, Georgena Bentjens, gbentjens6u@netlog.com, United Kingdom, Lib
79216-73157-TE, Delmar Beasant, not available, Ireland, Rob
20259-47723-AC, Lyn Entwistle, lentwistle6w@omniture.com, United States, Ara
04666-71569-RI, Zacharias Kiffe, zkiffe74@cyberchimps.com, United States, Lib
08909-77713-CG, Mercedes Acott, macott6y@pagesperso-orange.fr, United States, Rob
84340-73931-VV, Connor Heaviside, cheaviside6z@rediff.com, United States, Exc
04609-95151-XH, Devy Bulbrook, not available, United States, Ara
99562-88650-YF, Leia Kernan, lkernan71@wsj.com, United States, Lib
46560-73885-PJ, Rosaline McLae, rmclae72@dailymotion.com, United Kingdom, Rob
80179-44620-WN, Cleve Blowfelde, cblowfelde73@ustream.tv, United States, Rob
04666-71569-RI, Zacharias Kiffe, zkiffe74@cyberchimps.com, United States, Lib
59081-87231-VP, Denyse O'Calleran, docalleran75@ucla.edu, United States, Exc
07878-45872-CC, Cobby Cromwell, ccromwell76@desdev.cn, United States, Exc
12444-05174-OO, Irv Hay, ihay77@lulu.com, United Kingdom, Rob
34665-62561-AU, Tani Taffarello, ttaffarello78@sciencedaily.com, United States, Rob
77877-11993-QH, Monique Canty, mcanty79@jigsy.com, United States, Rob
32291-18308-YZ, Javier Kopke, jkopke7a@auda.org.au, United States, Exc
25754-33191-ZI, Mar McIver, not available, United States, Lib
53120-45532-KL, Arabella Fransewich, not available, Ireland, Rob
36605-83052-WB, Violette Hellmore, vhellmore7d@bbc.co.uk, United States, Ara
53683-35977-KI, Myles Seawright, mseawright7e@nbcnews.com, United Kingdom, Exc
07972-83134-NM, Silvana Northeast, snortheast7f@mashable.com, United States, Exc
01035-70465-UO, Anselma Attwater, aattwater5u@wikia.com, United States, Ara
25514-23938-IQ, Monica Fearon, mfearon7h@reverbnation.com, United States, Ara
49084-44492-OJ, Barney Chisnell, not available, Ireland, Exc
76624-72205-CK, Jasper Sisneros, jsisneros7j@a8.net, United States, Ara
12729-50170-JE, Zachariah Carlson, zcarlson7k@bigcartel.com, Ireland, Rob
43974-44760-QI, Warner Maddox, wmaddox7l@timesonline.co.uk, United States, Ara
30585-48726-BK, Donnie Hedlestone, dhedlestone7m@craigslist.org, United States, Ara
16123-07017-TY, Teddi Crowthe, tcrowthe7n@europa.eu, United States, Exc
27723-45097-MH, Dorelia Bury, dbury7o@tinyurl.com, Ireland, Rob
37078-56703-AF, Gussy Broadbear, gbroadbear7p@omniture.com, United States, Exc
79420-11075-MY, Emlynne Palfrey, epalfrey7q@devhub.com, United States, Ara
57504-13456-UO, Parsifal Metrick, pmetrick7r@rakuten.co.jp, United States, Lib
53751-57560-CN, Christopher Grieveson, not available, United States, Exc
96112-42558-EA, Karlan Karby, kkarby7t@sbwire.com, United States, Exc
03157-23165-UB, Flory Crumpe, fcrumpe7u@ftc.gov, United Kingdom, Ara
51466-52850-AG, Amity Chatto, achatto7v@sakura.ne.jp, United Kingdom, Rob
57145-31023-FK, Nanine McCarthy, not available, United States, Exc
66408-53777-VE, Lyndsey Megany, not available, United States, Lib
53035-99701-WG, Byram Mergue, bmergue7y@umn.edu, United States, Ara
45899-92796-EI, Kerr Patise, kpatise7z@jigsy.com, United States, Rob
17649-28133-PY, Mathew Goulter, not available, Ireland, Exc
49612-33852-CN, Marris Grcic, not available, United States, Rob
66976-43829-YG, Domeniga Duke, dduke82@vkontakte.ru, United States, Ara
64852-04619-XZ, Violante Skouling, not available, Ireland, Exc
58690-31815-VY, Isidore Hussey, ihussey84@mapy.cz, United States, Ara
62863-81239-DT, Cassie Pinkerton, cpinkerton85@upenn.edu, United States, Ara
21177-40725-CF, Micki Fero, not available, United States, Exc
99421-80253-UI, Cybill Graddell, not available, United States, Exc
45315-50206-DK, Dorian Vizor, dvizor88@furl.net, United States, Rob
09595-95726-OV, Eddi Sedgebeer, esedgebeer89@oaic.gov.au, United States, Rob
60221-67036-TD, Ken Lestrange, klestrange8a@lulu.com, United States, Exc
62923-29397-KX, Lacee Tanti, ltanti8b@techcrunch.com, United States, Exc
33011-52383-BA, Arel De Lasci, ade8c@1und1.de, United States, Ara
86768-91598-FA, Trescha Jedrachowicz, tjedrachowicz8d@acquirethisname.com, United States, Lib
37191-12203-MX, Perkin Stonner, pstonner8e@moonfruit.com, United States, Ara
16545-76328-JY, Darrin Tingly, dtingly8f@goo.ne.jp, United States, Exc
74330-29286-RO, Claudetta Rushe, crushe8n@about.me, United States, Ara
22349-47389-GY, Benn Checci, bchecci8h@usa.gov, United Kingdom, Lib
70290-38099-GB, Janifer Bagot, jbagot8i@mac.com, United States, Rob
18741-72071-PP, Ermin Beeble, ebeeble8j@soundcloud.com, United States, Ara
62588-82624-II, Cos Fluin, cfluin8k@flickr.com, United Kingdom, Ara
37430-29579-HD, Eveleen Bletsor, ebletsor8l@vinaora.com, United States, Lib
84132-22322-QT, Paola Brydell, pbrydell8m@bloglovin.com, Ireland, Exc
74330-29286-RO, Claudetta Rushe, crushe8n@about.me, United States, Exc
37445-17791-NQ, Natka Leethem, nleethem8o@mac.com, United States, Rob
58511-10548-ZU, Ailene Nesfield, anesfield8p@people.com.cn, United Kingdom, Rob
47725-34771-FJ, Stacy Pickworth, not available, United States, Rob
53086-67334-KT, Melli Brockway, mbrockway8r@ibm.com, United States, Exc
83308-82257-UN, Nanny Lush, nlush8s@dedecms.com, Ireland, Exc
37274-08534-FM, Selma McMillian, smcmillian8t@csmonitor.com, United States, Exc
54004-04664-AA, Tess Bennison, tbennison8u@google.cn, United States, Ara
26822-19510-SD, Gabie Tweed, gtweed8v@yolasite.com, United States, Exc
26822-19510-SD, Gabie Tweed, gtweed8v@yolasite.com, United States, Ara
06432-73165-ML, Gaile Goggin, ggoggin8x@wix.com, Ireland, Ara
96503-31833-CW, Skylar Jeyness, sjeyness8y@biglobe.ne.jp, Ireland, Lib
63985-64148-MG, Donica Bonhome, dbonhome8z@shinystat.com, United States, Exc
19597-91185-CM, Diena Peetermann, not available, United States, Exc
79814-23626-JR, Trina Le Sarr, tle91@epa.gov, United States, Ara
43439-94003-DW, Flynn Antony, not available, United States, Rob
97655-45555-LI, Baudoin Alldridge, balldridge93@yandex.ru, United States, Rob
64418-01720-VW, Homer Dulany, not available, United States, Lib
96836-09258-RI, Lisa Goodger, lgoodger95@guardian.co.uk, United States, Rob
37274-08534-FM, Selma McMillian, smcmillian8t@csmonitor.com, United States, Rob
69529-07533-CV, Corine Drewett, cdrewett97@wikipedia.org, United States, Rob
94840-49457-UD, Quinn Parsons, qparsons98@blogtalkradio.com, United States, Ara
81414-81273-DK, Vivyan Ceely, vceely99@auda.org.au, United States, Rob
76930-61689-CH, Elonore Goodings, not available, United States, Rob
12839-56537-TQ, Clement Vasiliev, cvasiliev9b@discuz.net, United States, Lib
62741-01322-HU, Terencio O'Moylan, tomoylan9c@liveinternet.ru, United Kingdom, Ara
43439-94003-DW, Flynn Antony, not available, United States, Exc
44932-34838-RM, Wyatan Fetherston, wfetherston9e@constantcontact.com, United States, Exc
91181-19412-RQ, Emmaline Rasmus, erasmus9f@techcrunch.com, United States, Exc
37182-54930-XC, Wesley Giorgioni, wgiorgioni9g@wikipedia.org, United States, Exc
08613-17327-XT, Lucienne Scargle, lscargle9h@myspace.com, United States, Exc
08613-17327-XT, Lucienne Scargle, lscargle9h@myspace.com, United States, Lib
70451-38048-AH, Noam Climance, nclimance9j@europa.eu, United States, Rob
35442-75769-PL, Catarina Donn, not available, Ireland, Rob
83737-56117-JE, Ameline Snazle, asnazle9l@oracle.com, United States, Rob
07095-81281-NJ, Rebeka Worg, rworg9m@arstechnica.com, United States, Ara
77043-48851-HG, Lewes Danes, ldanes9n@umn.edu, United States, Lib
78224-60622-KH, Shelli Keynd, skeynd9o@narod.ru, United States, Exc
83105-86631-IU, Dell Daveridge, ddaveridge9p@arstechnica.com, United States, Rob
99358-65399-TC, Joshuah Awdry, jawdry9q@utexas.edu, United States, Ara
94525-76037-JP, Ethel Ryles, eryles9r@fastcompany.com, United States, Ara
43439-94003-DW, Flynn Antony, not available, United States, Exc
82718-93677-XO, Maitilde Boxill, not available, United States, Ara
44708-78241-DF, Jodee Caldicott, jcaldicott9u@usda.gov, United States, Ara
23039-93032-FN, Marianna Vedmore, mvedmore9v@a8.net, United States, Ara
35256-12529-FT, Willey Romao, wromao9w@chronoengine.com, United States, Lib
86100-33488-WP, Enriqueta Ixor, not available, United States, Ara
64435-53100-WM, Tomasina Cotmore, tcotmore9y@amazonaws.com, United States, Ara
44699-43836-UH, Yuma Skipsey, yskipsey9z@spotify.com, United Kingdom, Rob
29588-35679-RG, Nicko Corps, ncorpsa0@gmpg.org, United States, Rob
29588-35679-RG, Nicko Corps, ncorpsa0@gmpg.org, United States, Rob
64815-54078-HH, Feliks Babber, fbabbera2@stanford.edu, United States, Exc
59572-41990-XY, Kaja Loxton, kloxtona3@opensource.org, United States, Lib
32481-61533-ZJ, Parker Tofful, ptoffula4@posterous.com, United States, Exc
31587-92570-HL, Casi Gwinnett, cgwinnetta5@behance.net, United States, Lib
93832-04799-ID, Saree Ellesworth, not available, United States, Exc
59367-30821-ZQ, Silvio Iorizzi, not available, United States, Lib
83947-45528-ET, Leesa Flaonier, lflaoniera8@wordpress.org, United States, Exc
60799-92593-CX, Abba Pummell, not available, United States, Exc
61600-55136-UM, Corinna Catcheside, ccatchesideaa@macromedia.com, United States, Exc
59771-90302-OF, Cortney Gibbonson, cgibbonsonab@accuweather.com, United States, Ara
16880-78077-FB, Terri Farra, tfarraac@behance.net, United States, Rob
74415-50873-FC, Corney Curme, not available, Ireland, Ara
31798-95707-NR, Gothart Bamfield, gbamfieldae@yellowpages.com, United States, Lib
59122-08794-WT, Waylin Hollingdale, whollingdaleaf@about.me, United States, Ara
37238-52421-JJ, Judd De Leek, jdeag@xrea.com, United States, Rob
48854-01899-FN, Vanya Skullet, vskulletah@tinyurl.com, Ireland, Rob
80896-38819-DW, Jany Rudeforth, jrudeforthai@wunderground.com, Ireland, Ara
29814-01459-RC, Ashbey Tomaszewski, atomaszewskiaj@answers.com, United Kingdom, Rob
43439-94003-DW, Flynn Antony, not available, United States, Lib
48497-29281-FE, Pren Bess, pbessal@qq.com, United States, Ara
43605-12616-YH, Elka Windress, ewindressam@marketwatch.com, United States, Exc
21907-75962-VB, Marty Kidstoun, not available, United States, Exc
69503-12127-YD, Nickey Dimbleby, not available, United States, Ara
68810-07329-EU, Virgil Baumadier, vbaumadierap@google.cn, United States, Lib
08478-75251-OG, Lenore Messenbird, not available, United States, Ara
17005-82030-EA, Shirleen Welds, sweldsar@wired.com, United States, Exc
42179-95059-DO, Maisie Sarvar, msarvaras@artisteer.com, United States, Lib
55989-39849-WO, Andrej Havick, ahavickat@nsw.gov.au, United States, Lib
28932-49296-TM, Sloan Diviny, sdivinyau@ask.com, United States, Exc
86144-10144-CB, Itch Norquoy, inorquoyav@businessweek.com, United States, Ara
60973-72562-DQ, Anson Iddison, aiddisonaw@usa.gov, United States, Exc
60973-72562-DQ, Anson Iddison, aiddisonaw@usa.gov, United States, Ara
11263-86515-VU, Randal Longfield, rlongfielday@bluehost.com, United States, Rob
60004-62976-NI, Gregorius Kislingbury, gkislingburyaz@samsung.com, United States, Lib
77876-28498-HI, Xenos Gibbons, xgibbonsb0@artisteer.com, United States, Ara
61302-06948-EH, Fleur Parres, fparresb1@imageshack.us, United States, Lib
06757-96251-UH, Gran Sibray, gsibrayb2@wsj.com, United States, Ara
44530-75983-OD, Ingelbert Hotchkin, ihotchkinb3@mit.edu, United Kingdom, Exc
44865-58249-RY, Neely Broadberrie, nbroadberrieb4@gnu.org, United States, Lib
36021-61205-DF, Rutger Pithcock, rpithcockb5@yellowbook.com, United States, Lib
75716-12782-SS, Gale Croysdale, gcroysdaleb6@nih.gov, United States, Rob
11812-00461-KH, Benedetto Gozzett, bgozzettb7@github.com, United States, Lib
46681-78850-ZW, Tania Craggs, tcraggsb8@house.gov, Ireland, Ara
01932-87052-KO, Leonie Cullrford, lcullrfordb9@xing.com, United States, Exc
16046-34805-ZF, Auguste Rizon, arizonba@xing.com, United States, Exc
34546-70516-LR, Lorin Guerrazzi, not available, Ireland, Exc
73699-93557-FZ, Felice Miell, fmiellbc@spiegel.de, United States, Ara
86686-37462-CK, Hamish Skeech, not available, Ireland, Lib
14298-02150-KH, Giordano Lorenzin, not available, United States, Ara
48675-07824-HJ, Harwilll Bishell, not available, United States, Lib
18551-80943-YQ, Freeland Missenden, not available, United States, Ara
19196-09748-DB, Waylan Springall, wspringallbh@jugem.jp, United States, Lib
72233-08665-IP, Kiri Avramow, not available, United States, Rob
53817-13148-RK, Gregg Hawkyens, ghawkyensbj@census.gov, United States, Rob
92227-49331-QR, Reggis Pracy, not available, United States, Ara
12997-41076-FQ, Paula Denis, not available, United States, Ara
44220-00348-MB, Broderick McGilvra, bmcgilvrabm@so-net.ne.jp, United States, Ara
93047-98331-DD, Annabella Danzey, adanzeybn@github.com, United States, Lib
16880-78077-FB, Terri Farra, tfarraac@behance.net, United States, Lib
16880-78077-FB, Terri Farra, tfarraac@behance.net, United States, Ara
67285-75317-XI, Nevins Glowacz, not available, United States, Ara
88167-57964-PH, Adelice Isabell, not available, United States, Rob
16106-36039-QS, Yulma Dombrell, ydombrellbs@dedecms.com, United States, Exc
98921-82417-GN, Alric Darth, adarthbt@t.co, United States, Rob
55265-75151-AK, Manuel Darrigoe, mdarrigoebu@hud.gov, Ireland, Rob
47386-50743-FG, Kynthia Berick, not available, United States, Ara
32622-54551-UC, Minetta Ackrill, mackrillbw@bandcamp.com, United States, Rob
16880-78077-FB, Terri Farra, tfarraac@behance.net, United States, Ara
48419-02347-XP, Melosa Kippen, mkippenby@dion.ne.jp, United States, Rob
14121-20527-OJ, Witty Ranson, wransonbz@ted.com, Ireland, Exc
53486-73919-BQ, Rod Gowdie, not available, United States, Ara
21889-94615-WT, Lemuel Rignold, lrignoldc1@miibeian.gov.cn, United States, Lib
87726-16941-QW, Nevsa Fields, not available, United States, Ara
03677-09134-BC, Chance Rowthorn, crowthornc3@msn.com, United States, Exc
93224-71517-WV, Orly Ryland, orylandc4@deviantart.com, United States, Lib
76263-95145-GJ, Willabella Abramski, not available, United States, Lib
68555-89840-GZ, Morgen Seson, msesonck@census.gov, United States, Lib
70624-19112-AO, Chickie Ragless, craglessc7@webmd.com, Ireland, Exc
58916-61837-QH, Freda Hollows, fhollowsc8@blogtalkradio.com, United States, Ara
89292-52335-YZ, Livy Lathleiff, llathleiffc9@nationalgeographic.com, Ireland, Exc
77284-34297-YY, Koralle Heads, kheadsca@jalbum.net, United States, Rob
50449-80974-BZ, Theo Bowne, tbownecb@unicef.org, Ireland, Exc
08120-16183-AW, Rasia Jacquemard, rjacquemardcc@acquirethisname.com, Ireland, Exc
68044-89277-ML, Kizzie Warman, kwarmancd@printfriendly.com, Ireland, Lib
71364-35210-HS, Wain Cholomin, wcholomince@about.com, United Kingdom, Lib
37177-68797-ON, Arleen Braidman, abraidmancf@census.gov, United States, Rob
60308-06944-GS, Pru Durban, pdurbancg@symantec.com, Ireland, Rob
49888-39458-PF, Antone Harrold, aharroldch@miibeian.gov.cn, United States, Rob
60748-46813-DZ, Sim Pamphilon, spamphilonci@mlb.com, Ireland, Lib
16385-11286-NX, Mohandis Spurden, mspurdencj@exblog.jp, United States, Rob
68555-89840-GZ, Morgen Seson, msesonck@census.gov, United States, Ara
72164-90254-EJ, Nalani Pirrone, npirronecl@weibo.com, United States, Lib
67010-92988-CT, Reube Cawley, rcawleycm@yellowbook.com, Ireland, Rob
15776-91507-GT, Stan Barribal, sbarribalcn@microsoft.com, Ireland, Lib
23473-41001-CD, Agnes Adamides, aadamidesco@bizjournals.com, United Kingdom, Rob
23446-47798-ID, Carmelita Thowes, cthowescp@craigslist.org, United States, Lib
28327-84469-ND, Rodolfo Willoway, rwillowaycq@admin.ch, United States, Ara
42466-87067-DT, Alvis Elwin, aelwincr@privacy.gov.au, United States, Lib
62246-99443-HF, Araldo Bilbrook, abilbrookcs@booking.com, Ireland, Rob
99869-55718-UU, Ransell McKall, rmckallct@sakura.ne.jp, United Kingdom, Rob
77421-46059-RY, Borg Daile, bdailecu@vistaprint.com, United States, Ara
49894-06550-OQ, Adolphe Treherne, atrehernecv@state.tx.us, Ireland, Exc
72028-63343-SU, Annetta Brentnall, abrentnallcw@biglobe.ne.jp, United Kingdom, Lib
10074-20104-NN, Dick Drinkall, ddrinkallcx@psu.edu, United States, Rob
71769-10219-IM, Dagny Kornel, dkornelcy@cyberchimps.com, United States, Ara
22221-71106-JD, Rhona Lequeux, rlequeuxcz@newyorker.com, United States, Ara
99735-44927-OL, Julius Mccaull, jmccaulld0@parallels.com, United States, Exc
27132-68907-RC, Ailey Brash, abrashda@plala.or.jp, United States, Exc
90440-62727-HI, Alberto Hutchinson, ahutchinsond2@imgur.com, United States, Ara
36769-16558-SX, Lamond Gheeraert, not available, United States, Lib
10138-31681-SD, Roxine Drivers, rdriversd4@hexun.com, United States, Ara
24669-76297-SF, Heloise Zeal, hzeald5@google.de, United States, Ara
78050-20355-DI, Granger Smallcombe, gsmallcombed6@ucla.edu, Ireland, Exc
79825-17822-UH, Daryn Dibley, ddibleyd7@feedburner.com, United States, Lib
03990-21586-MQ, Gardy Dimitriou, gdimitrioud8@chronoengine.com, United States, Exc
27493-46921-TZ, Fanny Flanagan, fflanagand9@woothemes.com, United States, Lib
27132-68907-RC, Ailey Brash, abrashda@plala.or.jp, United States, Rob
27132-68907-RC, Ailey Brash, abrashda@plala.or.jp, United States, Exc
27132-68907-RC, Ailey Brash, abrashda@plala.or.jp, United States, Exc
58816-74064-TF, Nanny Izhakov, nizhakovdd@aol.com, United Kingdom, Rob
09818-59895-EH, Stanly Keets, skeetsde@answers.com, United States, Exc
06488-46303-IZ, Orion Dyott, not available, United States, Lib
93046-67561-AY, Keefer Cake, kcakedg@huffingtonpost.com, United States, Lib
68946-40750-LK, Morna Hansed, mhanseddh@instagram.com, Ireland, Rob
38387-64959-WW, Franny Kienlein, fkienleindi@trellian.com, Ireland, Lib
48418-60841-CC, Klarika Egglestone, kegglestonedj@sphinn.com, Ireland, Exc
13736-92418-JS, Becky Semkins, bsemkinsdk@unc.edu, Ireland, Rob
33000-22405-LO, Sean Lorenzetti, slorenzettidl@is.gd, United States, Lib
46959-60474-LT, Bob Giannazzi, bgiannazzidm@apple.com, United States, Lib
73431-39823-UP, Kendra Backshell, not available, United States, Lib
90993-98984-JK, Uriah Lethbrig, ulethbrigdo@hc360.com, United States, Exc
06552-04430-AG, Sky Farnish, sfarnishdp@dmoz.org, United Kingdom, Rob
54597-57004-QM, Felicia Jecock, fjecockdq@unicef.org, United States, Lib
50238-24377-ZS, Currey MacAllister, not available, United States, Lib
60370-41934-IF, Hamlen Pallister, hpallisterds@ning.com, United States, Exc
06899-54551-EH, Chantal Mersh, cmershdt@drupal.org, Ireland, Ara
66458-91190-YC, Marja Urion, murione5@alexa.com, Ireland, Rob
80463-43913-WZ, Malynda Purbrick, not available, Ireland, Rob
67204-04870-LG, Alf Housaman, not available, United States, Rob
22721-63196-UJ, Gladi Ducker, gduckerdx@patch.com, United Kingdom, Rob
22721-63196-UJ, Gladi Ducker, gduckerdx@patch.com, United Kingdom, Exc
22721-63196-UJ, Gladi Ducker, gduckerdx@patch.com, United Kingdom, Lib
22721-63196-UJ, Gladi Ducker, gduckerdx@patch.com, United Kingdom, Lib
55515-37571-RS, Wain Stearley, wstearleye1@census.gov, United States, Lib
25598-77476-CB, Diane-marie Wincer, dwincere2@marriott.com, United States, Ara
14888-85625-TM, Perry Lyfield, plyfielde3@baidu.com, United States, Ara
92793-68332-NR, Heall Perris, hperrise4@studiopress.com, Ireland, Lib
66458-91190-YC, Marja Urion, murione5@alexa.com, Ireland, Ara
64439-27325-LG, Camellia Kid, ckide6@narod.ru, Ireland, Rob
78570-76770-LB, Carolann Beine, cbeinee7@xinhuanet.com, United States, Ara
98661-69719-VI, Celia Bakeup, cbakeupe8@globo.com, United States, Lib
82990-92703-IX, Nataniel Helkin, nhelkine9@example.com, United States, Lib
49412-86877-VY, Pippo Witherington, pwitheringtonea@networkadvertising.org, United States, Lib
70879-00984-FJ, Tildie Tilzey, ttilzeyeb@hostgator.com, United States, Rob
53414-73391-CR, Cindra Burling, not available, United States, Rob
43606-83072-OA, Channa Belamy, not available, United States, Lib
84466-22864-CE, Karl Imorts, kimortsee@alexa.com, United States, Exc
66458-91190-YC, Marja Urion, murione5@alexa.com, Ireland, Ara
76499-89100-JQ, Mag Armistead, marmisteadeg@blogtalkradio.com, United States, Lib
76499-89100-JQ, Mag Armistead, marmisteadeg@blogtalkradio.com, United States, Rob
39582-35773-ZJ, Vasili Upstone, vupstoneei@google.pl, United States, Rob
66240-46962-IO, Berty Beelby, bbeelbyej@rediff.com, Ireland, Lib
10637-45522-ID, Erny Stenyng, not available, United States, Lib
92599-58687-CS, Edin Yantsurev, not available, United States, Rob
06058-48844-PI, Webb Speechly, wspeechlyem@amazon.com, United States, Exc
53631-24432-SY, Irvine Phillpot, iphillpoten@buzzfeed.com, United Kingdom, Exc
18275-73980-KL, Lem Pennacci, lpennaccieo@statcounter.com, United States, Exc
23187-65750-HZ, Starr Arpin, sarpinep@moonfruit.com, United States, Rob
22725-79522-GP, Donny Fries, dfrieseq@cargocollective.com, United States, Rob
06279-72603-JE, Rana Sharer, rsharerer@flavors.me, United States, Rob
83543-79246-ON, Nannie Naseby, nnasebyes@umich.edu, United States, Exc
66794-66795-VW, Rea Offell, not available, United States, Rob
95424-67020-AP, Kris O'Cullen, koculleneu@ca.gov, Ireland, Rob
73017-69644-MS, Timoteo Glisane, not available, Ireland, Lib
66458-91190-YC, Marja Urion, murione5@alexa.com, Ireland, Rob
67423-10113-LM, Hildegarde Brangan, hbranganex@woothemes.com, United States, Exc
48582-05061-RY, Amii Gallyon, agallyoney@engadget.com, United States, Rob
32031-49093-KE, Birgit Domange, bdomangeez@yahoo.co.jp, United States, Rob
31715-98714-OO, Killian Osler, koslerf0@gmpg.org, United States, Lib
73759-17258-KA, Lora Dukes, not available, Ireland, Ara
64897-79178-MH, Zack Pellett, zpellettf2@dailymotion.com, United States, Ara
73346-85564-JB, Ilaire Sprakes, isprakesf3@spiegel.de, United States, Rob
07476-13102-NJ, Heda Fromant, hfromantf4@ucsd.edu, United States, Ara
87223-37422-SK, Rufus Flear, rflearf5@artisteer.com, United Kingdom, Lib
57837-15577-YK, Dom Milella, not available, Ireland, Exc
10142-55267-YO, Wilek Lightollers, wlightollersf9@baidu.com, United States, Rob
73647-66148-VM, Bette-ann Munden, bmundenf8@elpais.com, United States, Exc
10142-55267-YO, Wilek Lightollers, wlightollersf9@baidu.com, United States, Exc
92976-19453-DT, Nick Brakespear, nbrakespearfa@rediff.com, United States, Lib
89757-51438-HX, Malynda Glawsop, mglawsopfb@reverbnation.com, United States, Exc
76192-13390-HZ, Granville Alberts, galbertsfc@etsy.com, United Kingdom, Exc
02009-87294-SY, Vasily Polglase, vpolglasefd@about.me, United States, Exc
82872-34456-LJ, Madelaine Sharples, not available, United Kingdom, Rob
13181-04387-LI, Sigfrid Busch, sbuschff@so-net.ne.jp, Ireland, Exc
24845-36117-TI, Cissiee Raisbeck, craisbeckfg@webnode.com, United States, Lib
66458-91190-YC, Marja Urion, murione5@alexa.com, Ireland, Exc
86646-65810-TD, Kenton Wetherick, not available, United States, Lib
59480-02795-IU, Reamonn Aynold, raynoldfj@ustream.tv, United States, Ara
61809-87758-LJ, Hatty Dovydenas, not available, United States, Exc
77408-43873-RS, Nathaniel Bloxland, not available, Ireland, Ara
18366-65239-WF, Brendan Grece, bgrecefm@naver.com, United Kingdom, Lib
19485-98072-PS, Don Flintiff, dflintiffg1@e-recht24.de, United Kingdom, Exc
72072-33025-SD, Abbe Thys, athysfo@cdc.gov, United States, Rob
58118-22461-GC, Jackquelin Chugg, jchuggfp@about.me, United States, Rob
90940-63327-DJ, Audra Kelston, akelstonfq@sakura.ne.jp, United States, Ara
64481-42546-II, Elvina Angel, not available, Ireland, Rob
27536-28463-NJ, Claiborne Mottram, cmottramfs@harvard.edu, United States, Lib
19485-98072-PS, Don Flintiff, dflintiffg1@e-recht24.de, United Kingdom, Ara
70140-82812-KD, Donalt Sangwin, dsangwinfu@weebly.com, United States, Ara
91895-55605-LS, Elizabet Aizikowitz, eaizikowitzfv@virginia.edu, United Kingdom, Exc
43155-71724-XP, Herbie Peppard, not available, United States, Ara
32038-81174-JF, Cornie Venour, cvenourfx@ask.com, United States, Ara
59205-20324-NB, Maggy Harby, mharbyfy@163.com, United States, Rob
99899-54612-NX, Reggie Thickpenny, rthickpennyfz@cafepress.com, United States, Lib
26248-84194-FI, Phyllys Ormerod, pormerodg0@redcross.org, United States, Ara
19485-98072-PS, Don Flintiff, dflintiffg1@e-recht24.de, United Kingdom, Lib
84493-71314-WX, Tymon Zanetti, tzanettig2@gravatar.com, Ireland, Exc
84493-71314-WX, Tymon Zanetti, tzanettig2@gravatar.com, Ireland, Ara
39789-43945-IV, Reinaldos Kirtley, rkirtleyg4@hatena.ne.jp, United States, Exc
38972-89678-ZM, Carney Clemencet, cclemencetg5@weather.com, United Kingdom, Exc
91465-84526-IJ, Russell Donet, rdonetg6@oakley.com, United States, Exc
22832-98538-RB, Sidney Gawen, sgaweng7@creativecommons.org, United States, Rob
30844-91890-ZA, Rickey Readie, rreadieg8@guardian.co.uk, United States, Rob
05325-97750-WP, Cody Verissimo, cverissimogh@theglobeandmail.com, United Kingdom, Exc
88992-49081-AT, Zilvia Claisse, not available, United States, Rob
10204-31464-SA, Bar O' Mahony, bogb@elpais.com, United States, Lib
75156-80911-YT, Valenka Stansbury, vstansburygc@unblog.fr, United States, Rob
53971-49906-PZ, Daniel Heinonen, dheinonengd@printfriendly.com, United States, Exc
10728-17633-ST, Jewelle Shenton, jshentonge@google.com.hk, United States, Exc
13549-65017-VE, Jennifer Wilkisson, jwilkissongf@nba.com, United States, Rob
87688-42420-TO, Kylie Mowat, not available, United States, Ara
05325-97750-WP, Cody Verissimo, cverissimogh@theglobeandmail.com, United Kingdom, Exc
51901-35210-UI, Gabriel Starcks, gstarcksgi@abc.net.au, United States, Ara
62483-50867-OM, Darby Dummer, not available, United Kingdom, Exc
92753-50029-SD, Kienan Scholard, kscholardgk@sbwire.com, United States, Ara
53809-98498-SN, Bo Kindley, bkindleygl@wikimedia.org, United States, Lib
66308-13503-KD, Krissie Hammett, khammettgm@dmoz.org, United States, Rob
82458-87830-JE, Alisha Hulburt, ahulburtgn@fda.gov, United States, Ara
41611-34336-WT, Peyter Lauritzen, plauritzengo@photobucket.com, United States, Lib
70089-27418-UJ, Aurelia Burgwin, aburgwingp@redcross.org, United States, Rob
99978-56910-BN, Emalee Rolin, erolingq@google.fr, United States, Exc
09668-23340-IC, Donavon Fowle, dfowlegr@epa.gov, United States, Rob
39457-62611-YK, Jorge Bettison, not available, Ireland, Lib
90985-89807-RW, Wang Powlesland, wpowleslandgt@soundcloud.com, United States, Ara
05325-97750-WP, Cody Verissimo, cverissimogh@theglobeandmail.com, United Kingdom, Lib
17816-67941-ZS, Laurence Ellingham, lellinghamgv@sciencedaily.com, United States, Exc
90816-65619-LM, Billy Neiland, not available, United States, Exc
69761-61146-KD, Ancell Fendt, afendtgx@forbes.com, United States, Lib
24040-20817-QB, Angelia Cleyburn, acleyburngy@lycos.com, United States, Rob
19524-21432-XP, Temple Castiglione, tcastiglionegz@xing.com, United States, Exc
14398-43114-RV, Betti Lacasa, not available, Ireland, Ara
41486-52502-QQ, Gunilla Lynch, not available, United States, Rob
05325-97750-WP, Cody Verissimo, cverissimogh@theglobeandmail.com, United Kingdom, Rob
20236-64364-QL, Shay Couronne, scouronneh3@mozilla.org, United States, Lib
29102-40100-TZ, Linus Flippelli, lflippellih4@github.io, United Kingdom, Exc
09171-42203-EB, Rachelle Elizabeth, relizabethh5@live.com, United States, Lib
29060-75856-UI, Innis Renhard, irenhardh6@i2i.jp, United States, Exc
17088-16989-PL, Winne Roche, wrocheh7@xinhuanet.com, United States, Lib
14756-18321-CL, Linn Alaway, lalawayhh@weather.com, United States, Ara
13324-78688-MI, Cordy Odgaard, codgaardh9@nsw.gov.au, United States, Ara
73799-04749-BM, Bertine Byrd, bbyrdha@4shared.com, United States, Lib
01927-46702-YT, Nelie Garnson, not available, United Kingdom, Exc
80467-17137-TO, Dianne Chardin, dchardinhc@nhs.uk, Ireland, Exc
14640-87215-BK, Hailee Radbone, hradbonehd@newsvine.com, United States, Rob
94447-35885-HK, Wallis Bernth, wbernthhe@miitbeian.gov.cn, United States, Ara
71034-49694-CS, Byron Acarson, bacarsonhf@cnn.com, United States, Exc
00445-42781-KX, Faunie Brigham, fbrighamhg@blog.com, Ireland, Exc
00445-42781-KX, Faunie Brigham, fbrighamhg@blog.com, Ireland, Lib
00445-42781-KX, Faunie Brigham, fbrighamhg@blog.com, Ireland, Ara
00445-42781-KX, Faunie Brigham, fbrighamhg@blog.com, Ireland, Rob
96116-24737-LV, Marjorie Yoxen, myoxenhk@google.com, United States, Exc
18684-73088-YL, Gaspar McGavin, gmcgavinhl@histats.com, United States, Rob
74671-55639-TU, Lindy Uttermare, luttermarehm@engadget.com, United States, Lib
17488-65879-XL, Eal D'Ambrogio, edambrogiohn@techcrunch.com, United States, Exc
46431-09298-OU, Carolee Winchcombe, cwinchcombeho@jiathis.com, United States, Lib
60378-26473-FE, Benedikta Paumier, bpaumierhp@umn.edu, Ireland, Exc
34927-68586-ZV, Neville Piatto, not available, Ireland, Ara
29051-27555-GD, Jeno Capey, jcapeyhr@bravesites.com, United States, Lib
52143-35672-JF, Tuckie Mathonnet, tmathonneti0@google.co.jp, United States, Rob
64918-67725-MN, Yardley Basill, ybasillht@theguardian.com, United States, Rob
85634-61759-ND, Maggy Baistow, mbaistowhu@i2i.jp, United Kingdom, Exc
40180-22940-QB, Courtney Pallant, cpallanthv@typepad.com, United States, Exc
34666-76738-SQ, Marne Mingey, not available, United States, Rob
98536-88616-FF, Denny O' Ronan, dohx@redcross.org, United States, Ara
55621-06130-SA, Dottie Rallin, drallinhy@howstuffworks.com, United States, Ara
45666-86771-EH, Ardith Chill, achillhz@epa.gov, United Kingdom, Lib
52143-35672-JF, Tuckie Mathonnet, tmathonneti0@google.co.jp, United States, Rob
24689-69376-XX, Charmane Denys, cdenysi1@is.gd, United Kingdom, Lib
71891-51101-VQ, Cecily Stebbings, cstebbingsi2@drupal.org, United States, Rob
71749-05400-CN, Giana Tonnesen, not available, United States, Rob
64845-00270-NO, Rhetta Zywicki, rzywickii4@ifeng.com, Ireland, Lib
29851-36402-UX, Almeria Burgett, aburgetti5@moonfruit.com, United States, Ara
12190-25421-WM, Marvin Malloy, mmalloyi6@seattletimes.com, United States, Ara
52316-30571-GD, Maxim McParland, mmcparlandi7@w3.org, United States, Rob
23243-92649-RY, Sylas Jennaroy, sjennaroyi8@purevolume.com, United States, Lib
39528-19971-OR, Wren Place, wplacei9@wsj.com, United States, Ara
32743-78448-KT, Janella Millett, jmillettik@addtoany.com, United States, Exc
93417-12322-YB, Dollie Gadsden, dgadsdenib@google.com.hk, Ireland, Ara
56891-86662-UY, Val Wakelin, vwakelinic@unesco.org, United States, Exc
40414-26467-VE, Annie Campsall, acampsallid@zimbio.com, United States, Ara
87858-83734-RK, Shermy Moseby, smosebyie@stanford.edu, United States, Lib
46818-20198-GB, Corrie Wass, cwassif@prweb.com, United States, Ara
29808-89098-XD, Ira Sjostrom, isjostromig@pbs.org, United States, Exc
29808-89098-XD, Ira Sjostrom, isjostromig@pbs.org, United States, Lib
78786-77449-RQ, Jermaine Branchett, jbranchettii@bravesites.com, United States, Ara
27878-42224-QF, Nissie Rudland, nrudlandij@blogs.com, Ireland, Ara
32743-78448-KT, Janella Millett, jmillettik@addtoany.com, United States, Rob
25331-13794-SB, Ferdie Tourry, ftourryil@google.de, United States, Lib
55864-37682-GQ, Cecil Weatherall, cweatherallim@toplist.cz, United States, Lib
97005-25609-CQ, Gale Heindrick, gheindrickin@usda.gov, United States, Rob
94058-95794-IJ, Layne Imason, limasonio@discuz.net, United States, Lib
40214-03678-GU, Hazel Saill, hsaillip@odnoklassniki.ru, United States, Exc
04921-85445-SL, Hermann Larvor, hlarvoriq@last.fm, United States, Ara
53386-94266-LJ, Terri Lyford, not available, United States, Lib
49480-85909-DG, Gabey Cogan, not available, United States, Lib
18293-78136-MN, Charin Penwarden, cpenwardenit@mlb.com, Ireland, Lib
84641-67384-TD, Milty Middis, mmiddisiu@dmoz.org, United States, Ara
72320-29738-EB, Adrianne Vairow, avairowiv@studiopress.com, United Kingdom, Rob
47355-97488-XS, Anjanette Goldie, agoldieiw@goo.gl, United States, Ara
63499-24884-PP, Nicky Ayris, nayrisix@t-online.de, United Kingdom, Lib
39193-51770-FM, Laryssa Benediktovich, lbenediktovichiy@wunderground.com, United States, Exc
61323-91967-GG, Theo Jacobovitz, tjacobovitziz@cbc.ca, United States, Lib
90123-01967-KS, Becca Ableson, not available, United States, Rob
15958-25089-OS, Jeno Druitt, jdruittj1@feedburner.com, United States, Lib
98430-37820-UV, Deonne Shortall, dshortallj2@wikipedia.org, United States, Rob
21798-04171-XC, Wilton Cottier, wcottierj3@cafepress.com, United States, Exc
52798-46508-HP, Kevan Grinsted, kgrinstedj4@google.com.br, Ireland, Ara
46478-42970-EM, Dionne Skyner, dskynerj5@hubpages.com, United States, Ara
00246-15080-LE, Francesco Dressel, not available, United States, Lib
94091-86957-HX, Jimmy Dymoke, jdymokeje@prnewswire.com, Ireland, Ara
26295-44907-DK, Ambrosio Weinmann, aweinmannj8@shinystat.com, United States, Lib
95351-96177-QV, Elden Andriessen, eandriessenj9@europa.eu, United States, Ara
92204-96636-BS, Roxie Deaconson, rdeaconsonja@archive.org, United States, Exc
03010-30348-UA, Davida Caro, dcarojb@twitter.com, United States, Lib
13441-34686-SW, Johna Bluck, jbluckjc@imageshack.us, United States, Lib
96612-41722-VJ, Myrle Dearden, not available, Ireland, Ara
94091-86957-HX, Jimmy Dymoke, jdymokeje@prnewswire.com, Ireland, Lib
25504-41681-WA, Orland Tadman, otadmanjf@ft.com, United States, Ara
75443-07820-DZ, Barrett Gudde, bguddejg@dailymotion.com, United States, Lib
39276-95489-XV, Nathan Sictornes, nsictornesjh@buzzfeed.com, Ireland, Ara
61437-83623-PZ, Vivyan Dunning, vdunningji@independent.co.uk, United States, Ara
34317-87258-HQ, Doralin Baison, not available, Ireland, Lib
18570-80998-ZS, Josefina Ferens, not available, United States, Exc
66580-33745-OQ, Shelley Gehring, sgehringjl@gnu.org, United States, Exc
19820-29285-FD, Barrie Fallowes, bfallowesjm@purevolume.com, United States, Exc
11349-55147-SN, Nicolas Aiton, not available, Ireland, Lib
21141-12455-VB, Shelli De Banke, sdejo@newsvine.com, United States, Ara
71003-85639-HB, Lyell Murch, not available, United States, Exc
58443-95866-YO, Stearne Count, scountjq@nba.com, United States, Exc
89646-21249-OH, Selia Ragles, sraglesjr@blogtalkradio.com, United States, Rob
64988-20636-XQ, Silas Deehan, not available, United Kingdom, Exc
34704-83143-KS, Sacha Bruun, sbruunjt@blogtalkradio.com, United States, Rob
67388-17544-XX, Alon Pllu, aplluju@dagondesign.com, Ireland, Exc
69411-48470-ID, Gilberto Cornier, gcornierjv@techcrunch.com, United States, Exc
94091-86957-HX, Jimmy Dymoke, jdymokeje@prnewswire.com, Ireland, Rob
97741-98924-KT, Willabella Harvison, wharvisonjx@gizmodo.com, United States, Ara
79857-78167-KO, Darice Heaford, dheafordjy@twitpic.com, United States, Lib
46963-10322-ZA, Granger Fantham, gfanthamjz@hexun.com, United States, Lib
93812-74772-MV, Reynolds Crookshanks, rcrookshanksk0@unc.edu, United States, Exc
48203-23480-UB, Niels Leake, nleakek1@cmu.edu, United States, Rob
60357-65386-RD, Hetti Measures, not available, United States, Exc
35099-13971-JI, Gay Eilhersen, geilhersenk3@networksolutions.com, United States, Exc
01304-59807-OB, Nico Hubert, not available, United States, Ara
50705-17295-NK, Cristina Aleixo, caleixok5@globo.com, United States, Ara
77657-61366-FY, Derrek Allpress, not available, United States, Lib
57192-13428-PL, Rikki Tomkowicz, rtomkowiczk7@bravesites.com, Ireland, Rob
24891-77957-LU, Rochette Huscroft, rhuscroftk8@jimdo.com, United States, Exc
64896-18468-BT, Selle Scurrer, sscurrerk9@flavors.me, United Kingdom, Lib
84761-40784-SV, Andie Rudram, arudramka@prnewswire.com, United States, Lib
20236-42322-CM, Leta Clarricoates, not available, United States, Lib
49671-11547-WG, Jacquelyn Maha, jmahakc@cyberchimps.com, United States, Exc
57976-33535-WK, Glory Clemon, gclemonkd@networksolutions.com, United States, Lib
55915-19477-MK, Alica Kift, not available, United States, Rob
28121-11641-UA, Babb Pollins, bpollinskf@shinystat.com, United States, Exc
09540-70637-EV, Jarret Toye, jtoyekg@pinterest.com, Ireland, Lib
17775-77072-PP, Carlie Linskill, clinskillkh@sphinn.com, United States, Ara
90392-73338-BC, Natal Vigrass, nvigrasski@ezinearticles.com, United Kingdom, Rob
94091-86957-HX, Jimmy Dymoke, jdymokeje@prnewswire.com, Ireland, Exc
10725-45724-CO, Kandace Cragell, kcragellkk@google.com, Ireland, Rob
87242-18006-IR, Lyon Ibert, libertkl@huffingtonpost.com, United States, Lib
36572-91896-PP, Reese Lidgey, rlidgeykm@vimeo.com, United States, Lib
25181-97933-UX, Tersina Castagne, tcastagnekn@wikia.com, United States, Ara
55374-03175-IA, Samuele Klaaassen, not available, United States, Rob
76948-43532-JS, Jordana Halden, jhaldenkp@comcast.net, Ireland, Exc
24344-88599-PP, Hussein Olliff, holliffkq@sciencedirect.com, Ireland, Ara
54462-58311-YF, Teddi Quadri, tquadrikr@opensource.org, Ireland, Lib
90767-92589-LV, Felita Eshmade, feshmadeks@umn.edu, United States, Exc
27517-43747-YD, Melodie OIlier, moilierkt@paginegialle.it, Ireland, Rob
77828-66867-KH, Hazel Iacopini, not available, United States, Rob
41054-59693-XE, Vinny Shoebotham, vshoebothamkv@redcross.org, United States, Lib
26314-66792-VP, Bran Sterke, bsterkekw@biblegateway.com, United States, Exc
69410-04668-MA, Simone Capon, scaponkx@craigslist.org, United States, Ara
94091-86957-HX, Jimmy Dymoke, jdymokeje@prnewswire.com, Ireland, Ara
24972-55878-KX, Foster Constance, fconstancekz@ifeng.com, United States, Lib
46296-42617-OQ, Fernando Sulman, fsulmanl0@washington.edu, United States, Rob
44494-89923-UW, Dorotea Hollyman, dhollymanl1@ibm.com, United States, Ara
11621-09964-ID, Lorelei Nardoni, lnardonil2@hao123.com, United States, Rob
76319-80715-II, Dallas Yarham, dyarhaml3@moonfruit.com, United States, Lib
91654-79216-IC, Arlana Ferrea, aferreal4@wikia.com, United States, Exc
56450-21890-HK, Chuck Kendrick, ckendrickl5@webnode.com, United States, Exc
40600-58915-WZ, Sharona Danilchik, sdanilchikl6@mit.edu, United Kingdom, Lib
66527-94478-PB, Sarajane Potter, not available, United States, Ara
77154-45038-IH, Bobby Folomkin, bfolomkinl8@yolasite.com, United States, Ara
08439-55669-AI, Rafferty Pursglove, rpursglovel9@biblegateway.com, United States, Rob
08439-55669-AI, Rafferty Pursglove, rpursglovel9@biblegateway.com, United States, Ara
24972-55878-KX, Foster Constance, fconstancekz@ifeng.com, United States, Ara
24972-55878-KX, Foster Constance, fconstancekz@ifeng.com, United States, Rob
91509-62250-GN, Dalia Eburah, deburahld@google.co.jp, United Kingdom, Rob
83833-46106-ZC, Martie Brimilcombe, mbrimilcombele@cnn.com, United States, Ara
19383-33606-PW, Suzanna Bollam, sbollamlf@list-manage.com, United States, Rob
67052-76184-CB, Mellisa Mebes, not available, United States, Exc
43452-18035-DH, Alva Filipczak, afilipczaklh@ning.com, Ireland, Lib
88060-50676-MV, Dorette Hinemoor, not available, United States, Rob
89574-96203-EP, Rhetta Elnaugh, relnaughlj@comsenz.com, United States, Exc
12607-75113-UV, Jule Deehan, jdeehanlk@about.me, United States, Ara
56991-05510-PR, Janella Eden, jedenll@e-recht24.de, United States, Ara
01841-48191-NL, Cam Jewster, cjewsterlu@moonfruit.com, United States, Lib
33269-10023-CO, Ugo Southerden, usoutherdenln@hao123.com, United States, Lib
31245-81098-PJ, Verne Dunkerley, not available, United States, Exc
08946-56610-IH, Lacee Burtenshaw, lburtenshawlp@shinystat.com, United States, Lib
20260-32948-EB, Adorne Gregoratti, agregorattilq@vistaprint.com, Ireland, Exc
31613-41626-KX, Chris Croster, ccrosterlr@gov.uk, United States, Lib
75961-20170-RD, Graeme Whitehead, gwhiteheadls@hp.com, United States, Lib
72524-06410-KD, Haslett Jodrelle, hjodrellelt@samsung.com, United States, Ara
01841-48191-NL, Cam Jewster, cjewsterlu@moonfruit.com, United States, Exc
98918-34330-GY, Beryl Osborn, not available, United States, Exc
51497-50894-WU, Kaela Nottram, knottramlw@odnoklassniki.ru, Ireland, Rob
98636-90072-YE, Nobe Buney, nbuneylx@jugem.jp, United States, Ara
47011-57815-HJ, Silvan McShea, smcshealy@photobucket.com, United States, Ara
61253-98356-VD, Karylin Huddart, khuddartlz@about.com, United States, Lib
96762-10814-DA, Jereme Gippes, jgippesm0@cloudflare.com, United Kingdom, Lib
63112-10870-LC, Lukas Whittlesee, lwhittleseem1@e-recht24.de, United States, Rob
21403-49423-PD, Gregorius Trengrove, gtrengrovem2@elpais.com, United States, Ara
29581-13303-VB, Wright Caldero, wcalderom3@stumbleupon.com, United States, Rob
86110-83695-YS, Merell Zanazzi, not available, United States, Lib
80454-42225-FT, Jed Kennicott, jkennicottm5@yahoo.co.jp, United States, Ara
29129-60664-KO, Guenevere Ruggen, gruggenm6@nymag.com, United States, Rob
63025-62939-AN, Gonzales Cicculi, not available, United States, Exc
49012-12987-QT, Man Fright, mfrightm8@harvard.edu, Ireland, Rob
50924-94200-SQ, Boyce Tarte, btartem9@aol.com, United States, Rob
15673-18812-IU, Caddric Krzysztofiak, ckrzysztofiakma@skyrock.com, United States, Rob
52151-75971-YY, Darn Penquet, dpenquetmb@diigo.com, United States, Exc
19413-02045-CG, Jammie Cloke, not available, United Kingdom, Rob
98185-92775-KT, Chester Clowton, not available, United States, Rob
86991-53901-AT, Kathleen Diable, not available, United Kingdom, Lib
78226-97287-JI, Koren Ferretti, kferrettimf@huffingtonpost.com, Ireland, Lib
27930-59250-JT, Allis Wilmore, not available, United States, Rob
40560-18556-YE, Chaddie Bennie, not available, United States, Rob
40780-22081-LX, Alberta Balsdone, abalsdonemi@toplist.cz, United States, Lib
01603-43789-TN, Brice Romera, bromeramj@list-manage.com, Ireland, Ara
01603-43789-TN, Brice Romera, bromeramj@list-manage.com, Ireland, Lib
75419-92838-TI, Conchita Bryde, cbrydeml@tuttocitta.it, United States, Exc
96516-97464-MF, Silvanus Enefer, senefermm@blog.com, United States, Exc
90285-56295-PO, Lenci Haggerstone, lhaggerstonemn@independent.co.uk, United States, Rob
08100-71102-HQ, Marvin Gundry, mgundrymo@omniture.com, Ireland, Lib
84074-28110-OV, Bayard Wellan, bwellanmp@cafepress.com, United States, Lib
27930-59250-JT, Allis Wilmore, not available, United States, Lib
12747-63766-EU, Caddric Atcheson, catchesonmr@xinhuanet.com, United States, Lib
83490-88357-LJ, Eustace Stenton, estentonms@google.it, United States, Exc
53729-30320-XZ, Ericka Tripp, etrippmt@wp.com, United States, Rob
50384-52703-LA, Lyndsey MacManus, lmacmanusmu@imdb.com, United States, Exc
53864-36201-FG, Tess Benediktovich, tbenediktovichmv@ebay.com, United States, Lib
70631-33225-MZ, Correy Bourner, cbournermw@chronoengine.com, United States, Ara
54798-14109-HC, Odelia Skerme, oskermen3@hatena.ne.jp, United States, Ara
08023-52962-ET, Kandy Heddan, kheddanmy@icq.com, United States, Exc
41899-00283-VK, Ibby Charters, ichartersmz@abc.net.au, United States, Exc
39011-18412-GR, Adora Roubert, aroubertn0@tmall.com, United States, Ara
60255-12579-PZ, Hillel Mairs, hmairsn1@so-net.ne.jp, United States, Ara
80541-38332-BP, Helaina Rainforth, hrainforthn2@blog.com, United States, Exc
80541-38332-BP, Helaina Rainforth, hrainforthn2@blog.com, United States, Ara
72778-50968-UQ, Isac Jesper, ijespern4@theglobeandmail.com, United States, Rob
23941-30203-MO, Lenette Dwerryhouse, ldwerryhousen5@gravatar.com, United States, Rob
96434-50068-DZ, Nadeen Broomer, nbroomern6@examiner.com, United States, Ara
11729-74102-XB, Konstantine Thoumasson, kthoumassonn7@bloglovin.com, United States, Exc
88116-12604-TE, Frans Habbergham, fhabberghamn8@discovery.com, United States, Ara
27930-59250-JT, Allis Wilmore, not available, United States, Lib
13082-41034-PD, Romain Avrashin, ravrashinna@tamu.edu, United States, Ara
18082-74419-QH, Miran Doidge, mdoidgenb@etsy.com, United States, Exc
49401-45041-ZU, Janeva Edinboro, jedinboronc@reverbnation.com, United States, Rob
41252-45992-VS, Trumaine Tewelson, ttewelsonnd@cdbaby.com, United States, Lib
54798-14109-HC, Odelia Skerme, oskermen3@hatena.ne.jp, United States, Exc
00852-54571-WP, De Drewitt, ddrewittnf@mapquest.com, United States, Exc
13321-57602-GK, Adelheid Gladhill, agladhillng@stanford.edu, United States, Ara
75006-89922-VW, Murielle Lorinez, mlorineznh@whitehouse.gov, United States, Exc
52098-80103-FD, Edin Mathe, not available, United States, Ara
60121-12432-VU, Mordy Van Der Vlies, mvannj@wikipedia.org, United States, Ara
68346-14810-UA, Spencer Wastell, not available, United States, Exc
48464-99723-HK, Jemimah Ethelston, jethelstonnl@creativecommons.org, United States, Ara
48464-99723-HK, Jemimah Ethelston, jethelstonnl@creativecommons.org, United States, Ara
88420-46464-XE, Perice Eberz, peberznn@woothemes.com, United States, Lib
37762-09530-MP, Bear Gaish, bgaishno@altervista.org, United States, Lib
47268-50127-XY, Lynnea Danton, ldantonnp@miitbeian.gov.cn, United States, Ara
25544-84179-QC, Skipton Morrall, smorrallnq@answers.com, United States, Rob
32058-76765-ZL, Devan Crownshaw, dcrownshawnr@photobucket.com, United States, Lib
54798-14109-HC, Odelia Skerme, oskermen3@hatena.ne.jp, United States, Lib
69171-65646-UC, Joceline Reddoch, jreddochnt@sun.com, United States, Rob
22503-52799-MI, Shelley Titley, stitleynu@whitehouse.gov, United States, Lib
08934-65581-ZI, Redd Simao, rsimaonv@simplemachines.org, United States, Ara
15764-22559-ZT, Cece Inker, not available, United States, Ara
87519-68847-ZG, Noel Chisholm, nchisholmnx@example.com, United States, Lib
78012-56878-UB, Grazia Oats, goatsny@live.com, United States, Rob
77192-72145-RG, Meade Birkin, mbirkinnz@java.com, United States, Lib
86071-79238-CX, Ronda Pyson, rpysono0@constantcontact.com, Ireland, Rob
16809-16936-WF, Modesty MacConnechie, mmacconnechieo9@reuters.com, United States, Ara
11212-69985-ZJ, Rafaela Treacher, rtreachero2@usa.gov, Ireland, Ara
53893-01719-CL, Bee Fattorini, bfattorinio3@quantcast.com, Ireland, Ara
66028-99867-WJ, Margie Palleske, mpalleskeo4@nyu.edu, United States, Exc
62839-56723-CH, Alexina Randals, not available, United States, Rob
96849-52854-CR, Filip Antcliffe, fantcliffeo6@amazon.co.jp, Ireland, Exc
19755-55847-VW, Peyter Matignon, pmatignono7@harvard.edu, United Kingdom, Exc
32900-82606-BO, Claudie Weond, cweondo8@theglobeandmail.com, United States, Ara
16809-16936-WF, Modesty MacConnechie, mmacconnechieo9@reuters.com, United States, Rob
20118-28138-QD, Jaquenette Skentelbery, jskentelberyoa@paypal.com, United States, Ara
84057-45461-AH, Orazio Comber, ocomberob@goo.gl, Ireland, Lib
84057-45461-AH, Orazio Comber, ocomberob@goo.gl, Ireland, Ara
90882-88130-KQ, Zachary Tramel, ztramelod@netlog.com, United States, Lib
21617-79890-DD, Izaak Primak, not available, United States, Rob
20256-54689-LO, Brittani Thoresbie, not available, United States, Exc
17572-27091-AA, Constanta Hatfull, chatfullog@ebay.com, United States, Rob
82300-88786-UE, Bobbe Castagneto, not available, United States, Ara
65732-22589-OW, Kippie Marrison, kmarrisonoq@dropbox.com, United States, Ara
77175-09826-SF, Lindon Agnolo, lagnolooj@pinterest.com, United States, Ara
07237-32539-NB, Delainey Kiddy, dkiddyok@fda.gov, United States, Rob
54722-76431-EX, Helli Petroulis, hpetroulisol@state.tx.us, Ireland, Rob
67847-82662-TE, Marty Scholl, mschollom@taobao.com, United States, Lib
51114-51191-EW, Kienan Ferson, kfersonon@g.co, United States, Exc
91809-58808-TV, Blake Kelloway, bkellowayoo@omniture.com, United States, Ara
84996-26826-DK, Scarlett Oliffe, soliffeop@yellowbook.com, United States, Rob
65732-22589-OW, Kippie Marrison, kmarrisonoq@dropbox.com, United States, Rob
93676-95250-XJ, Celestia Dolohunty, cdolohuntyor@dailymail.co.uk, United States, Ara
28300-14355-GF, Patsy Vasilenko, pvasilenkoos@addtoany.com, United Kingdom, Exc
91190-84826-IQ, Raphaela Schankelborg, rschankelborgot@ameblo.jp, United States, Lib
34570-99384-AF, Sharity Wickens, not available, Ireland, Rob
57808-90533-UE, Derick Snow, not available, United States, Exc
76060-30540-LB, Baxy Cargen, bcargenow@geocities.jp, United States, Rob
76730-63769-ND, Ryann Stickler, rsticklerox@printfriendly.com, United Kingdom, Exc
96042-27290-EQ, Daryn Cassius, not available, United States, Rob
57808-90533-UE, Derick Snow, not available, United States, Lib
51940-02669-OR, Skelly Dolohunty, not available, Ireland, Lib
99144-98314-GN, Drake Jevon, djevonp1@ibm.com, United States, Rob
16358-63919-CE, Hall Ranner, hrannerp2@omniture.com, United States, Exc
67743-54817-UT, Berkly Imrie, bimriep3@addtoany.com, United States, Lib
44601-51441-BH, Dorey Sopper, dsopperp4@eventbrite.com, United States, Ara
97201-58870-WB, Darcy Lochran, not available, United States, Ara
19849-12926-QF, Lauritz Ledgley, lledgleyp6@de.vu, United States, Ara
40535-56770-UM, Tawnya Menary, tmenaryp7@phoca.cz, United States, Lib
74940-09646-MU, Gustaf Ciccotti, gciccottip8@so-net.ne.jp, United States, Rob
06623-54610-HC, Bobbe Renner, not available, United States, Rob
89490-75361-AF, Wilton Jallin, wjallinpa@pcworld.com, United States, Ara
94526-79230-GZ, Mindy Bogey, mbogeypb@thetimes.co.uk, United States, Ara
58559-08254-UY, Paulie Fonzone, not available, United States, Rob
88574-37083-WX, Merrile Cobbledick, mcobbledickpd@ucsd.edu, United States, Ara
67953-79896-AC, Antonius Lewry, alewrype@whitehouse.gov, United States, Ara
69207-93422-CQ, Isis Hessel, ihesselpf@ox.ac.uk, United States, Exc
56060-17602-RG, Harland Trematick, not available, Ireland, Exc
46859-14212-FI, Chloris Sorrell, csorrellph@amazon.com, United Kingdom, Ara
46859-14212-FI, Chloris Sorrell, csorrellph@amazon.com, United Kingdom, Exc
33555-01585-RP, Quintina Heavyside, qheavysidepj@unc.edu, United States, Rob
11932-85629-CU, Hadley Reuven, hreuvenpk@whitehouse.gov, United States, Rob
36192-07175-XC, Mitch Attwool, mattwoolpl@nba.com, United States, Lib
46242-54946-ZW, Charin Maplethorp, not available, United States, Ara
95152-82155-VQ, Goldie Wynes, gwynespn@dagondesign.com, United States, Exc
13404-39127-WQ, Celie MacCourt, cmaccourtpo@amazon.com, United States, Ara
57808-90533-UE, Derick Snow, not available, United States, Ara
40226-52317-IO, Evy Wilsone, ewilsonepq@eepurl.com, United States, Ara
34419-18068-AG, Dolores Duffie, dduffiepr@time.com, United States, Exc
51738-61457-RS, Mathilda Matiasek, mmatiasekps@ucoz.ru, United States, Exc
86757-52367-ON, Jarred Camillo, jcamillopt@shinystat.com, United States, Exc
28158-93383-CK, Kameko Philbrick, kphilbrickpu@cdc.gov, United States, Exc
44799-09711-XW, Mallory Shrimpling, not available, United States, Ara
53667-91553-LT, Barnett Sillis, bsillispw@istockphoto.com, United States, Exc
86579-92122-OC, Brenn Dundredge, not available, United States, Rob
01474-63436-TP, Read Cutts, rcuttspy@techcrunch.com, United States, Rob
90533-82440-EE, Michale Delves, mdelvespz@nature.com, United States, Ara
48553-69225-VX, Devland Gritton, dgrittonq0@nydailynews.com, United States, Lib
48553-69225-VX, Devland Gritton, dgrittonq0@nydailynews.com, United States, Rob
52374-27313-IV, Dell Gut, dgutq2@umich.edu, United States, Exc
14264-41252-SL, Willy Pummery, wpummeryq3@topsy.com, United States, Lib
35367-50483-AR, Geoffrey Siuda, gsiudaq4@nytimes.com, United States, Rob
69443-77665-QW, Henderson Crowne, hcrowneq5@wufoo.com, Ireland, Ara
63411-51758-QC, Vernor Pawsey, vpawseyq6@tiny.cc, United States, Rob
68605-21835-UF, Augustin Waterhouse, awaterhouseq7@istockphoto.com, United States, Ara
34786-30419-XY, Fanchon Haughian, fhaughianq8@1688.com, United States, Rob
15456-29250-RU, Jaimie Hatz, not available, United States, Lib
00886-35803-FG, Edeline Edney, not available, United States, Lib
31599-82152-AD, Rickie Faltin, rfaltinqb@topsy.com, Ireland, Ara
76209-39601-ZR, Gnni Cheeke, gcheekeqc@sitemeter.com, United Kingdom, Exc
15064-65241-HB, Gwenni Ratt, grattqd@phpbb.com, Ireland, Rob
69215-90789-DL, Johnath Fairebrother, not available, United States, Rob
04317-46176-TB, Ingamar Eberlein, ieberleinqf@hc360.com, United States, Rob
04713-57765-KR, Jilly Dreng, jdrengqg@uiuc.edu, Ireland, Ara
86579-92122-OC, Brenn Dundredge, not available, United States, Ara
86579-92122-OC, Brenn Dundredge, not available, United States, Exc
86579-92122-OC, Brenn Dundredge, not available, United States, Exc
86579-92122-OC, Brenn Dundredge, not available, United States, Rob
86579-92122-OC, Brenn Dundredge, not available, United States, Exc
86579-92122-OC, Brenn Dundredge, not available, United States, Ara
40959-32642-DN, Rhodie Strathern, rstrathernqn@devhub.com, United States, Lib
77746-08153-PM, Chad Miguel, cmiguelqo@exblog.jp, United States, Lib
49667-96708-JL, Florinda Matusovsky, not available, United States, Ara
24155-79322-EQ, Morly Rocks, mrocksqq@exblog.jp, Ireland, Rob
95342-88311-SF, Yuri Burrells, yburrellsqr@vinaora.com, United States, Rob
69374-08133-RI, Cleopatra Goodrum, cgoodrumqs@goodreads.com, United States, Exc
83844-95908-RX, Joey Jefferys, jjefferysqt@blog.com, United States, Rob
09667-09231-YM, Bearnard Wardell, bwardellqu@adobe.com, United States, Exc
55427-08059-DF, Zeke Walisiak, zwalisiakqv@ucsd.edu, Ireland, Rob
06624-54037-BQ, Wiley Leopold, wleopoldqw@blogspot.com, United States, Rob
48544-90737-AZ, Chiarra Shalders, cshaldersqx@cisco.com, United States, Lib
79463-01597-FQ, Sharl Southerill, not available, United States, Exc
27702-50024-XC, Noni Furber, nfurberqz@jugem.jp, United States, Ara
57360-46846-NS, Dinah Crutcher, not available, Ireland, Ara
84045-66771-SL, Charlean Keave, ckeaver1@ucoz.com, United States, Lib
46885-00260-TL, Sada Roseborough, sroseboroughr2@virginia.edu, United States, Rob
96446-62142-EN, Clayton Kingwell, ckingwellr3@squarespace.com, Ireland, Ara
07756-71018-GU, Kacy Canto, kcantor4@gmpg.org, United States, Rob
92048-47813-QB, Mab Blakemore, mblakemorer5@nsw.gov.au, United States, Rob
84045-66771-SL, Charlean Keave, ckeaver1@ucoz.com, United States, Ara
28699-16256-XV, Javier Causnett, not available, United States, Rob
98476-63654-CG, Demetris Micheli, not available, United States, Exc
55409-07759-YG, Chloette Bernardot, cbernardotr9@wix.com, United States, Exc
06136-65250-PG, Kim Kemery, kkemeryra@t.co, United States, Rob
08405-33165-BS, Fanchette Parlot, fparlotrb@forbes.com, United States, Ara
66070-30559-WI, Ramon Cheak, rcheakrc@tripadvisor.com, Ireland, Exc
01282-28364-RZ, Koressa O'Geneay, kogeneayrd@utexas.edu, United States, Rob
51277-93873-RP, Claudell Ayre, cayrere@symantec.com, United States, Lib
84405-83364-DG, Lorianne Kyneton, lkynetonrf@macromedia.com, United Kingdom, Ara
83731-53280-YC, Adele McFayden, not available, United Kingdom, Rob
03917-13632-KC, Herta Layne, not available, United States, Ara
62494-09113-RP, Marguerite Graves, not available, United States, Exc
62494-09113-RP, Marguerite Graves, not available, United States, Lib
70567-65133-CN, Desdemona Eye, not available, Ireland, Lib
77869-81373-AY, Margarette Sterland, not available, United States, Ara
38536-98293-JZ, Catharine Scoines, not available, Ireland, Ara
43014-53743-XK, Jennica Tewelson, jtewelsonrn@samsung.com, United States, Rob
62494-09113-RP, Marguerite Graves, not available, United States, Rob
62494-09113-RP, Marguerite Graves, not available, United States, Ara
64965-78386-MY, Nicolina Jenny, njennyrq@bigcartel.com, United States, Ara
77131-58092-GE, Vidovic Antonelli, not available, United Kingdom, Exc
